wallet_address,contract_address,target_address,contract_method,risk_level
0xaBA7161A7fb69c88e16ED9f455CE62B791EE4D03,0xBC4CA0EdA7647A8aB7C2061c2E118A18a936f13D,0x46EFbAedc92067E6d60E84ED6395099723252496,__transfer,18717
0x0000000000000000000000000000000000000000,0xBC4CA0EdA7647A8aB7C2061c2E118A18a936f13D,0xaBA7161A7fb69c88e16ED9f455CE62B791EE4D03,__transfer,2
0x0000000000000000000000000000000000000000,0xda60730e1feaa7d8321f62ffb069edd869e57d02,0x7041881dC7E76b69c26006AFbA8D2121aEe1a0bA,__transfer,75
0xaBA7161A7fb69c88e16ED9f455CE62B791EE4D03,0xBC4CA0EdA7647A8aB7C2061c2E118A18a936f13D,0xc5c7b46843014B1591e9aF24de797156cde67f08,__transfer,2
0x0000000000000000000000000000000000000000,0xBC4CA0EdA7647A8aB7C2061c2E118A18a936f13D,0xaBA7161A7fb69c88e16ED9f455CE62B791EE4D03,__transfer,2
0x0000000000000000000000000000000000000000,0xda60730e1feaa7d8321f62ffb069edd869e57d02,0x82be59C8B195d85D263051102069C22380d1fa2e,__transfer,88
0xaBA7161A7fb69c88e16ED9f455CE62B791EE4D03,0xBC4CA0EdA7647A8aB7C2061c2E118A18a936f13D,0x03546b22bC80b3e6b64c4445963D981250267a68,__transfer,2
0x0000000000000000000000000000000000000000,0xBC4CA0EdA7647A8aB7C2061c2E118A18a936f13D,0xaBA7161A7fb69c88e16ED9f455CE62B791EE4D03,__transfer,2
0xE895a2DA1d45d4F1B195482E20c526facdD00637,0xda60730e1feaa7d8321f62ffb069edd869e57d02,0x23357B0F8CB6F06f98f25D50499C62Dd5e22286A,__transfer,84
0x9a9C09178F2647883A8EecF885a396A8cB48866c,0xda60730e1feaa7d8321f62ffb069edd869e57d02,0xE895a2DA1d45d4F1B195482E20c526facdD00637,__transfer,301
0xB3Cc8d3510F16BcAa7F3fa7241Fef86A3e890C97,0xda60730e1feaa7d8321f62ffb069edd869e57d02,0x9a9C09178F2647883A8EecF885a396A8cB48866c,__transfer,391
0x0000000000000000000000000000000000000000,0xda60730e1feaa7d8321f62ffb069edd869e57d02,0xB3Cc8d3510F16BcAa7F3fa7241Fef86A3e890C97,__transfer,1
0xaBA7161A7fb69c88e16ED9f455CE62B791EE4D03,0xBC4CA0EdA7647A8aB7C2061c2E118A18a936f13D,0x33569c101562e1fAF5b24581057E5cEE4c8288D7,__transfer,2
0x0000000000000000000000000000000000000000,0xBC4CA0EdA7647A8aB7C2061c2E118A18a936f13D,0xaBA7161A7fb69c88e16ED9f455CE62B791EE4D03,__transfer,2
0x0000000000000000000000000000000000000000,0xda60730e1feaa7d8321f62ffb069edd869e57d02,0x708F2Ac1906A24C614a7844cffFC2C0061cb7fA0,__transfer,169
0xe1d48DDaE2b01EF094c1fdb838b8752F4f40CF8b,0xBC4CA0EdA7647A8aB7C2061c2E118A18a936f13D,0xfC695d9b7BED4325E0845b71066B2fbB0eb2D6EF,__transfer,2
0x3AdAb8f367e4e7dfb8a566e8dac03b9E4819777C,0xBC4CA0EdA7647A8aB7C2061c2E118A18a936f13D,0xe1d48DDaE2b01EF094c1fdb838b8752F4f40CF8b,__transfer,16
0xeD7C0117d7d35850d71E2a3f390972406F8D5d46,0xBC4CA0EdA7647A8aB7C2061c2E118A18a936f13D,0x3AdAb8f367e4e7dfb8a566e8dac03b9E4819777C,__transfer,27
0xaBA7161A7fb69c88e16ED9f455CE62B791EE4D03,0xBC4CA0EdA7647A8aB7C2061c2E118A18a936f13D,0xeD7C0117d7d35850d71E2a3f390972406F8D5d46,__transfer,2
0x0000000000000000000000000000000000000000,0xBC4CA0EdA7647A8aB7C2061c2E118A18a936f13D,0xaBA7161A7fb69c88e16ED9f455CE62B791EE4D03,__transfer,2
0xF90Af7b7F90E054417763B2e4A2f7b0a352d8494,0xda60730e1feaa7d8321f62ffb069edd869e57d02,0xb6C050751D78d4CB5c5791f18AA6a111C806a759,__transfer,185
0x59Bef28c4b5173D6A2EaaA9Fd1Bd497b49c01c40,0xda60730e1feaa7d8321f62ffb069edd869e57d02,0xF90Af7b7F90E054417763B2e4A2f7b0a352d8494,__transfer,20
0x0000000000000000000000000000000000000000,0xda60730e1feaa7d8321f62ffb069edd869e57d02,0x59Bef28c4b5173D6A2EaaA9Fd1Bd497b49c01c40,__transfer,1
0x465092bBE4ca9675C1Cf9c7BF2620b2eefC77E25,0xBC4CA0EdA7647A8aB7C2061c2E118A18a936f13D,0x820425d330F777370aCF68E45F884547e98dB2C0,__transfer,188
0x5Cb68CD0D285a907b927a7DB534D89718aDDfD86,0xBC4CA0EdA7647A8aB7C2061c2E118A18a936f13D,0x465092bBE4ca9675C1Cf9c7BF2620b2eefC77E25,__transfer,456
0xC310e760778ECBca4C65B6C559874757A4c4Ece0,0xBC4CA0EdA7647A8aB7C2061c2E118A18a936f13D,0x5Cb68CD0D285a907b927a7DB534D89718aDDfD86,__transfer,27
0x2c2ed4b3876c442fee80BeE76Ce0eE2CA2A512AF,0xBC4CA0EdA7647A8aB7C2061c2E118A18a936f13D,0xC310e760778ECBca4C65B6C559874757A4c4Ece0,__transfer,2124
0xf52393E120F918fFba50410B90A29b1F8250c879,0xBC4CA0EdA7647A8aB7C2061c2E118A18a936f13D,0x2c2ed4b3876c442fee80BeE76Ce0eE2CA2A512AF,__transfer,4947
0x898C4607809945b49d65Ea51580101798931B241,0xBC4CA0EdA7647A8aB7C2061c2E118A18a936f13D,0xf52393E120F918fFba50410B90A29b1F8250c879,__transfer,552
0xaBA7161A7fb69c88e16ED9f455CE62B791EE4D03,0xBC4CA0EdA7647A8aB7C2061c2E118A18a936f13D,0x898C4607809945b49d65Ea51580101798931B241,__transfer,2
0x0000000000000000000000000000000000000000,0xBC4CA0EdA7647A8aB7C2061c2E118A18a936f13D,0xaBA7161A7fb69c88e16ED9f455CE62B791EE4D03,__transfer,2
0x0000000000000000000000000000000000000000,0xda60730e1feaa7d8321f62ffb069edd869e57d02,0x15cABad1F726Aa1A7D0c49e7FA3CE0D8db9BCd65,__transfer,2503
0x9BD91abdf39A167712B9F6c24d1c9805d5FB9242,0xBC4CA0EdA7647A8aB7C2061c2E118A18a936f13D,0x85E4971F80F1644F78B1C41E5D880cb56D4de80a,__transfer,230
0xaBA7161A7fb69c88e16ED9f455CE62B791EE4D03,0xBC4CA0EdA7647A8aB7C2061c2E118A18a936f13D,0x9BD91abdf39A167712B9F6c24d1c9805d5FB9242,__transfer,2
0x0000000000000000000000000000000000000000,0xBC4CA0EdA7647A8aB7C2061c2E118A18a936f13D,0xaBA7161A7fb69c88e16ED9f455CE62B791EE4D03,__transfer,2
0x0000000000000000000000000000000000000000,0xda60730e1feaa7d8321f62ffb069edd869e57d02,0xD77Bf63590209840ddeAA7ee02bECbbcFAbFcd5E,__transfer,370
0xFb4ed131A87e74d3079407Dc4400b36b9144671F,0xBC4CA0EdA7647A8aB7C2061c2E118A18a936f13D,0xA37FbD2264b48ED56Dd7dE8B9B83DB35561700eF,__transfer,66
0xd7a5353918f7d90c048F062aAfAbb15a86132673,0xBC4CA0EdA7647A8aB7C2061c2E118A18a936f13D,0xFb4ed131A87e74d3079407Dc4400b36b9144671F,__transfer,3
0x5CBc5413637343eaaB0784522c95b4686f5e96FD,0xBC4CA0EdA7647A8aB7C2061c2E118A18a936f13D,0xd7a5353918f7d90c048F062aAfAbb15a86132673,__transfer,158
0x357931791284f40765b462aa7AD217ebF82920Cb,0xBC4CA0EdA7647A8aB7C2061c2E118A18a936f13D,0x5CBc5413637343eaaB0784522c95b4686f5e96FD,__transfer,1909
0x5CBc5413637343eaaB0784522c95b4686f5e96FD,0xBC4CA0EdA7647A8aB7C2061c2E118A18a936f13D,0x357931791284f40765b462aa7AD217ebF82920Cb,__transfer,1
0x357931791284f40765b462aa7AD217ebF82920Cb,0xBC4CA0EdA7647A8aB7C2061c2E118A18a936f13D,0x5CBc5413637343eaaB0784522c95b4686f5e96FD,__transfer,1
0xaBA7161A7fb69c88e16ED9f455CE62B791EE4D03,0xBC4CA0EdA7647A8aB7C2061c2E118A18a936f13D,0x357931791284f40765b462aa7AD217ebF82920Cb,__transfer,2
0x0000000000000000000000000000000000000000,0xBC4CA0EdA7647A8aB7C2061c2E118A18a936f13D,0xaBA7161A7fb69c88e16ED9f455CE62B791EE4D03,__transfer,2
0xBB30ec4B3a20A26Bb23c542e6983E94AC37496Ca,0xda60730e1feaa7d8321f62ffb069edd869e57d02,0x1AA1327eA20000D3AAcE7A27123A8dE85940a7ea,__transfer,6
0x0000000000000000000000000000000000000000,0xda60730e1feaa7d8321f62ffb069edd869e57d02,0xBB30ec4B3a20A26Bb23c542e6983E94AC37496Ca,__transfer,1
0xb4aD833d6f3b3C4426FEa59deD207A952087F47C,0xBC4CA0EdA7647A8aB7C2061c2E118A18a936f13D,0x2dCaf47e340b3a5C0f1779111697C39696E3Dc21,__transfer,79
0x357931791284f40765b462aa7AD217ebF82920Cb,0xBC4CA0EdA7647A8aB7C2061c2E118A18a936f13D,0xb4aD833d6f3b3C4426FEa59deD207A952087F47C,__transfer,1
0xFd1B8D2B036F7c78A794be2c6F9bA4dE698459e8,0xBC4CA0EdA7647A8aB7C2061c2E118A18a936f13D,0x357931791284f40765b462aa7AD217ebF82920Cb,__transfer,304
0xC310e760778ECBca4C65B6C559874757A4c4Ece0,0xBC4CA0EdA7647A8aB7C2061c2E118A18a936f13D,0xFd1B8D2B036F7c78A794be2c6F9bA4dE698459e8,__transfer,1
0xFd1B8D2B036F7c78A794be2c6F9bA4dE698459e8,0xBC4CA0EdA7647A8aB7C2061c2E118A18a936f13D,0xC310e760778ECBca4C65B6C559874757A4c4Ece0,__transfer,1
0x4c6b83Ca1c59781faB57790a46281bbd93E539FE,0xBC4CA0EdA7647A8aB7C2061c2E118A18a936f13D,0xFd1B8D2B036F7c78A794be2c6F9bA4dE698459e8,__transfer,1245
0xf0FC2f35DABB294Ce51E5be211D19c6de6Cb44ae,0xBC4CA0EdA7647A8aB7C2061c2E118A18a936f13D,0x4c6b83Ca1c59781faB57790a46281bbd93E539FE,__transfer,339
0xaBA7161A7fb69c88e16ED9f455CE62B791EE4D03,0xBC4CA0EdA7647A8aB7C2061c2E118A18a936f13D,0xf0FC2f35DABB294Ce51E5be211D19c6de6Cb44ae,__transfer,2
0x0000000000000000000000000000000000000000,0xBC4CA0EdA7647A8aB7C2061c2E118A18a936f13D,0xaBA7161A7fb69c88e16ED9f455CE62B791EE4D03,__transfer,2
0x0000000000000000000000000000000000000000,0xda60730e1feaa7d8321f62ffb069edd869e57d02,0xF360eDdE144359f2596Ebd2bfaAf9afF5755B71f,__transfer,14
0x6B92686c40747C85809a6772D0eda8e22a77C60c,0xBC4CA0EdA7647A8aB7C2061c2E118A18a936f13D,0xC883A79E8e4594C4f89434EDb754a10Da2311139,__transfer,1369
0x1d3a44F4ac3A7f603C58C0d8E4a4749Ea1757AF8,0xBC4CA0EdA7647A8aB7C2061c2E118A18a936f13D,0x6B92686c40747C85809a6772D0eda8e22a77C60c,__transfer,66
0xD33BC4Ab17AD58626fa74A8286D610EA16E731d8,0xBC4CA0EdA7647A8aB7C2061c2E118A18a936f13D,0x1d3a44F4ac3A7f603C58C0d8E4a4749Ea1757AF8,__transfer,2
0x1d3a44F4ac3A7f603C58C0d8E4a4749Ea1757AF8,0xBC4CA0EdA7647A8aB7C2061c2E118A18a936f13D,0xD33BC4Ab17AD58626fa74A8286D610EA16E731d8,__transfer,2
0xD33BC4Ab17AD58626fa74A8286D610EA16E731d8,0xBC4CA0EdA7647A8aB7C2061c2E118A18a936f13D,0x1d3a44F4ac3A7f603C58C0d8E4a4749Ea1757AF8,__transfer,1
0x1d3a44F4ac3A7f603C58C0d8E4a4749Ea1757AF8,0xBC4CA0EdA7647A8aB7C2061c2E118A18a936f13D,0xD33BC4Ab17AD58626fa74A8286D610EA16E731d8,__transfer,2
0x893a3701952f0ee5782d9E8b7b08f375A7e1CFfB,0xBC4CA0EdA7647A8aB7C2061c2E118A18a936f13D,0x1d3a44F4ac3A7f603C58C0d8E4a4749Ea1757AF8,__transfer,2
0x9eE5E3Ff06425CF972E77c195F70Ecb18aC23d7f,0xBC4CA0EdA7647A8aB7C2061c2E118A18a936f13D,0x893a3701952f0ee5782d9E8b7b08f375A7e1CFfB,__transfer,721
0xb905576A1D9Bff3b7F3A69764913037ea18F01dA,0xBC4CA0EdA7647A8aB7C2061c2E118A18a936f13D,0x9eE5E3Ff06425CF972E77c195F70Ecb18aC23d7f,__transfer,405
0xaBA7161A7fb69c88e16ED9f455CE62B791EE4D03,0xBC4CA0EdA7647A8aB7C2061c2E118A18a936f13D,0xb905576A1D9Bff3b7F3A69764913037ea18F01dA,__transfer,2
0x22F14eB500b13664b53EAd6aAfF32eA718E0531a,0xda60730e1feaa7d8321f62ffb069edd869e57d02,0xFF247e8bE15b932F6a39cAB18F39952F52c89664,__transfer,76
0x7F5E0A9C0B36f80EffAB0586CAFe8EE7BA25e5Df,0xda60730e1feaa7d8321f62ffb069edd869e57d02,0x22F14eB500b13664b53EAd6aAfF32eA718E0531a,__transfer,30
0x3c8B0b7B739aE06f27324A3880B6f7d30f4CC57A,0xda60730e1feaa7d8321f62ffb069edd869e57d02,0x7F5E0A9C0B36f80EffAB0586CAFe8EE7BA25e5Df,__transfer,48
0x0000000000000000000000000000000000000000,0xda60730e1feaa7d8321f62ffb069edd869e57d02,0x3c8B0b7B739aE06f27324A3880B6f7d30f4CC57A,__transfer,1
